{
  "results": [
    {
      "model": "Baseline: lag_1",
      "wape": 0.5649129065616831,
      "mae": 4.93342605470561,
      "rmse": 14.73115275128014
    },
    {
      "model": "Baseline: rolling_mean_4",
      "wape": 0.9259005034707845,
      "mae": 8.085957348168753,
      "rmse": 21.30837796473908
    },
    {
      "model": "LightGBM (log target)",
      "wape": 0.5261865349223693,
      "mae": 4.595225796523436,
      "rmse": 16.115462353297033
    }
  ],
  "improvement_pct": 6.8552817946787785
}