{
  "wape_model": 0.790476611741065,
  "wape_baseline": 0.8827112335057556,
  "n_test": 145886,
  "improvement_pct": 10.44901415816062
}