{
  "roc_auc": 0.6368812662113991,
  "pr_auc": 0.3144811073124092,
  "brier_score": 0.17029533995259888,
  "positive_rate": 0.2273478205616978
}